R102.25,../data/vrptw/sourceunknown/default/R102.25.bin,vrptw
RC102.25,../data/vrptw/sourceunknown/default/RC102.25.bin,vrptw
R201.25,../data/vrptw/sourceunknown/default/R201.25.bin,vrptw
R111.25,../data/vrptw/sourceunknown/default/R111.25.bin,vrptw
R105.25,../data/vrptw/sourceunknown/default/R105.25.bin,vrptw
C201.25,../data/vrptw/sourceunknown/default/C201.25.bin,vrptw
RC202.25,../data/vrptw/sourceunknown/default/RC202.25.bin,vrptw
R108.25,../data/vrptw/sourceunknown/default/R108.25.bin,vrptw
C109.25,../data/vrptw/sourceunknown/default/C109.25.bin,vrptw
R207.25,../data/vrptw/sourceunknown/default/R207.25.bin,vrptw
RC103.25,../data/vrptw/sourceunknown/default/RC103.25.bin,vrptw
R211.25,../data/vrptw/sourceunknown/default/R211.25.bin,vrptw
RC201.25,../data/vrptw/sourceunknown/default/RC201.25.bin,vrptw
C207.25,../data/vrptw/sourceunknown/default/C207.25.bin,vrptw
C101.25,../data/vrptw/sourceunknown/default/C101.25.bin,vrptw
RC107.25,../data/vrptw/sourceunknown/default/RC107.25.bin,vrptw
R103.25,../data/vrptw/sourceunknown/default/R103.25.bin,vrptw
R107.25,../data/vrptw/sourceunknown/default/R107.25.bin,vrptw
C103.25,../data/vrptw/sourceunknown/default/C103.25.bin,vrptw
RC206.25,../data/vrptw/sourceunknown/default/RC206.25.bin,vrptw
R101.25,../data/vrptw/sourceunknown/default/R101.25.bin,vrptw
RC204.25,../data/vrptw/sourceunknown/default/RC204.25.bin,vrptw
R209.25,../data/vrptw/sourceunknown/default/R209.25.bin,vrptw
R210.25,../data/vrptw/sourceunknown/default/R210.25.bin,vrptw
R112.25,../data/vrptw/sourceunknown/default/R112.25.bin,vrptw
R208.25,../data/vrptw/sourceunknown/default/R208.25.bin,vrptw
C106.25,../data/vrptw/sourceunknown/default/C106.25.bin,vrptw
C206.25,../data/vrptw/sourceunknown/default/C206.25.bin,vrptw
C102.25,../data/vrptw/sourceunknown/default/C102.25.bin,vrptw
C105.25,../data/vrptw/sourceunknown/default/C105.25.bin,vrptw
R203.25,../data/vrptw/sourceunknown/default/R203.25.bin,vrptw
RC105.25,../data/vrptw/sourceunknown/default/RC105.25.bin,vrptw
C107.25,../data/vrptw/sourceunknown/default/C107.25.bin,vrptw
C205.25,../data/vrptw/sourceunknown/default/C205.25.bin,vrptw
C204.25,../data/vrptw/sourceunknown/default/C204.25.bin,vrptw
RC101.25,../data/vrptw/sourceunknown/default/RC101.25.bin,vrptw
C104.25,../data/vrptw/sourceunknown/default/C104.25.bin,vrptw
C208.25,../data/vrptw/sourceunknown/default/C208.25.bin,vrptw
R204.25,../data/vrptw/sourceunknown/default/R204.25.bin,vrptw
RC104.25,../data/vrptw/sourceunknown/default/RC104.25.bin,vrptw
9Cap50,../data/cwlp-ss/sobolev/default/9Cap50.bin,cwlp-ss
8Cap10,../data/cwlp-ss/sobolev/default/8Cap10.bin,cwlp-ss
18Cap30,../data/cwlp-ss/sobolev/default/18Cap30.bin,cwlp-ss
15Cap30,../data/cwlp-ss/sobolev/default/15Cap30.bin,cwlp-ss
3Cap30,../data/cwlp-ss/sobolev/default/3Cap30.bin,cwlp-ss
6Cap40,../data/cwlp-ss/sobolev/default/6Cap40.bin,cwlp-ss
10Cap50,../data/cwlp-ss/sobolev/default/10Cap50.bin,cwlp-ss
3Cap10,../data/cwlp-ss/sobolev/default/3Cap10.bin,cwlp-ss
7Cap20,../data/cwlp-ss/sobolev/default/7Cap20.bin,cwlp-ss
13Cap10,../data/cwlp-ss/sobolev/default/13Cap10.bin,cwlp-ss
16Cap10,../data/cwlp-ss/sobolev/default/16Cap10.bin,cwlp-ss
20Cap20,../data/cwlp-ss/sobolev/default/20Cap20.bin,cwlp-ss
1Cap50,../data/cwlp-ss/sobolev/default/1Cap50.bin,cwlp-ss
5Cap30,../data/cwlp-ss/sobolev/default/5Cap30.bin,cwlp-ss
13Cap50,../data/cwlp-ss/sobolev/default/13Cap50.bin,cwlp-ss
5Cap20,../data/cwlp-ss/sobolev/default/5Cap20.bin,cwlp-ss
2Cap40,../data/cwlp-ss/sobolev/default/2Cap40.bin,cwlp-ss
12Cap20,../data/cwlp-ss/sobolev/default/12Cap20.bin,cwlp-ss
8Cap40,../data/cwlp-ss/sobolev/default/8Cap40.bin,cwlp-ss
1Cap10,../data/cwlp-ss/sobolev/default/1Cap10.bin,cwlp-ss
19Cap50,../data/cwlp-ss/sobolev/default/19Cap50.bin,cwlp-ss
20Cap10,../data/cwlp-ss/sobolev/default/20Cap10.bin,cwlp-ss
11Cap40,../data/cwlp-ss/sobolev/default/11Cap40.bin,cwlp-ss
5Cap10,../data/cwlp-ss/sobolev/default/5Cap10.bin,cwlp-ss
18Cap10,../data/cwlp-ss/sobolev/default/18Cap10.bin,cwlp-ss
14Cap40,../data/cwlp-ss/sobolev/default/14Cap40.bin,cwlp-ss
19Cap20,../data/cwlp-ss/sobolev/default/19Cap20.bin,cwlp-ss
9Cap40,../data/cwlp-ss/sobolev/default/9Cap40.bin,cwlp-ss
13Cap40,../data/cwlp-ss/sobolev/default/13Cap40.bin,cwlp-ss
11Cap50,../data/cwlp-ss/sobolev/default/11Cap50.bin,cwlp-ss
19Cap10,../data/cwlp-ss/sobolev/default/19Cap10.bin,cwlp-ss
12Cap50,../data/cwlp-ss/sobolev/default/12Cap50.bin,cwlp-ss
19Cap30,../data/cwlp-ss/sobolev/default/19Cap30.bin,cwlp-ss
16Cap20,../data/cwlp-ss/sobolev/default/16Cap20.bin,cwlp-ss
18Cap40,../data/cwlp-ss/sobolev/default/18Cap40.bin,cwlp-ss
15Cap20,../data/cwlp-ss/sobolev/default/15Cap20.bin,cwlp-ss
10Cap10,../data/cwlp-ss/sobolev/default/10Cap10.bin,cwlp-ss
4Cap50,../data/cwlp-ss/sobolev/default/4Cap50.bin,cwlp-ss
16Cap30,../data/cwlp-ss/sobolev/default/16Cap30.bin,cwlp-ss
8Cap20,../data/cwlp-ss/sobolev/default/8Cap20.bin,cwlp-ss
nsf_p0.3_s1,../data/pcp/furini/default/nsf_p0.3_s1.bin,pcp
ring_n10p0.5s2,../data/pcp/furini/default/ring_n10p0.5s2.bin,pcp
n80p5t2s5,../data/pcp/furini/default/n80p5t2s5.bin,pcp
n80p5t2s1,../data/pcp/furini/default/n80p5t2s1.bin,pcp
n40p5t2s1,../data/pcp/furini/default/n40p5t2s1.bin,pcp
n70p5t2s2,../data/pcp/furini/default/n70p5t2s2.bin,pcp
nsf_p0.4_s4,../data/pcp/furini/default/nsf_p0.4_s4.bin,pcp
n90p3t2s5,../data/pcp/furini/default/n90p3t2s5.bin,pcp
nsf_p0.4_s2,../data/pcp/furini/default/nsf_p0.4_s2.bin,pcp
ring_n10p0.3s3,../data/pcp/furini/default/ring_n10p0.3s3.bin,pcp
n70p5t2s4,../data/pcp/furini/default/n70p5t2s4.bin,pcp
nsf_p0.2_s5,../data/pcp/furini/default/nsf_p0.2_s5.bin,pcp
ring_n15p0.1s3,../data/pcp/furini/default/ring_n15p0.1s3.bin,pcp
n20p5t2s4,../data/pcp/furini/default/n20p5t2s4.bin,pcp
n90p3t2s1,../data/pcp/furini/default/n90p3t2s1.bin,pcp
n100p5t2s3,../data/pcp/furini/default/n100p5t2s3.bin,pcp
ring_n10p0.3s4,../data/pcp/furini/default/ring_n10p0.3s4.bin,pcp
n90p1t2s3,../data/pcp/furini/default/n90p1t2s3.bin,pcp
n60p5t2s1,../data/pcp/furini/default/n60p5t2s1.bin,pcp
nsf_p0.5_s5,../data/pcp/furini/default/nsf_p0.5_s5.bin,pcp
n90p4t2s3,../data/pcp/furini/default/n90p4t2s3.bin,pcp
nsf_p0.3_s3,../data/pcp/furini/default/nsf_p0.3_s3.bin,pcp
ring_n10p0.5s1,../data/pcp/furini/default/ring_n10p0.5s1.bin,pcp
nsf_p0.5_s1,../data/pcp/furini/default/nsf_p0.5_s1.bin,pcp
ring_n10p0.2s3,../data/pcp/furini/default/ring_n10p0.2s3.bin,pcp
ring_n10p0.7s5,../data/pcp/furini/default/ring_n10p0.7s5.bin,pcp
ring_n10p0.1s2,../data/pcp/furini/default/ring_n10p0.1s2.bin,pcp
n90p2t2s4,../data/pcp/furini/default/n90p2t2s4.bin,pcp
n90p9t2s4,../data/pcp/furini/default/n90p9t2s4.bin,pcp
nsf_p0.3_s5,../data/pcp/furini/default/nsf_p0.3_s5.bin,pcp
nsf_p0.1_s5,../data/pcp/furini/default/nsf_p0.1_s5.bin,pcp
n100p5t2s5,../data/pcp/furini/default/n100p5t2s5.bin,pcp
ring_n10p0.5s4,../data/pcp/furini/default/ring_n10p0.5s4.bin,pcp
n90p8t2s4,../data/pcp/furini/default/n90p8t2s4.bin,pcp
n90p1t2s2,../data/pcp/furini/default/n90p1t2s2.bin,pcp
n90p2t2s1,../data/pcp/furini/default/n90p2t2s1.bin,pcp
n90p5t2s1,../data/pcp/furini/default/n90p5t2s1.bin,pcp
n70p5t2s1,../data/pcp/furini/default/n70p5t2s1.bin,pcp
ring_n10p0.6s3,../data/pcp/furini/default/ring_n10p0.6s3.bin,pcp
ring_n15p0.1s4,../data/pcp/furini/default/ring_n15p0.1s4.bin,pcp
la11,../data/scheduling/orlibrary/default/la11.bin,scheduling
ft20,../data/scheduling/orlibrary/default/ft20.bin,scheduling
orb09,../data/scheduling/orlibrary/default/orb09.bin,scheduling
la26,../data/scheduling/orlibrary/default/la26.bin,scheduling
la21,../data/scheduling/orlibrary/default/la21.bin,scheduling
swv13,../data/scheduling/orlibrary/default/swv13.bin,scheduling
ft06,../data/scheduling/orlibrary/default/ft06.bin,scheduling
orb06,../data/scheduling/orlibrary/default/orb06.bin,scheduling
la25,../data/scheduling/orlibrary/default/la25.bin,scheduling
la39,../data/scheduling/orlibrary/default/la39.bin,scheduling
swv05,../data/scheduling/orlibrary/default/swv05.bin,scheduling
la05,../data/scheduling/orlibrary/default/la05.bin,scheduling
orb04,../data/scheduling/orlibrary/default/orb04.bin,scheduling
yn1,../data/scheduling/orlibrary/default/yn1.bin,scheduling
la23,../data/scheduling/orlibrary/default/la23.bin,scheduling
orb10,../data/scheduling/orlibrary/default/orb10.bin,scheduling
la34,../data/scheduling/orlibrary/default/la34.bin,scheduling
swv10,../data/scheduling/orlibrary/default/swv10.bin,scheduling
abz7,../data/scheduling/orlibrary/default/abz7.bin,scheduling
swv08,../data/scheduling/orlibrary/default/swv08.bin,scheduling
orb05,../data/scheduling/orlibrary/default/orb05.bin,scheduling
la12,../data/scheduling/orlibrary/default/la12.bin,scheduling
la01,../data/scheduling/orlibrary/default/la01.bin,scheduling
la31,../data/scheduling/orlibrary/default/la31.bin,scheduling
abz5,../data/scheduling/orlibrary/default/abz5.bin,scheduling
la02,../data/scheduling/orlibrary/default/la02.bin,scheduling
orb02,../data/scheduling/orlibrary/default/orb02.bin,scheduling
swv14,../data/scheduling/orlibrary/default/swv14.bin,scheduling
swv07,../data/scheduling/orlibrary/default/swv07.bin,scheduling
la14,../data/scheduling/orlibrary/default/la14.bin,scheduling
la07,../data/scheduling/orlibrary/default/la07.bin,scheduling
abz8,../data/scheduling/orlibrary/default/abz8.bin,scheduling
swv04,../data/scheduling/orlibrary/default/swv04.bin,scheduling
la30,../data/scheduling/orlibrary/default/la30.bin,scheduling
swv06,../data/scheduling/orlibrary/default/swv06.bin,scheduling
swv02,../data/scheduling/orlibrary/default/swv02.bin,scheduling
yn4,../data/scheduling/orlibrary/default/yn4.bin,scheduling
la03,../data/scheduling/orlibrary/default/la03.bin,scheduling
la40,../data/scheduling/orlibrary/default/la40.bin,scheduling
swv03,../data/scheduling/orlibrary/default/swv03.bin,scheduling
P-n22-k8.cvrp,../data/cvrp/augerat/default/P-n22-k8.cvrp.bin,cvrp
P-n22-k2.cvrp,../data/cvrp/augerat/default/P-n22-k2.cvrp.bin,cvrp
P-n23-k8.cvrp,../data/cvrp/augerat/default/P-n23-k8.cvrp.bin,cvrp
P-n20-k2.cvrp,../data/cvrp/augerat/default/P-n20-k2.cvrp.bin,cvrp
P-n19-k2.cvrp,../data/cvrp/augerat/default/P-n19-k2.cvrp.bin,cvrp
P-n21-k2.cvrp,../data/cvrp/augerat/default/P-n21-k2.cvrp.bin,cvrp
A-n33-k5.cvrp,../data/cvrp/augerat/default/A-n33-k5.cvrp.bin,cvrp
B-n35-k5.cvrp,../data/cvrp/augerat/default/B-n35-k5.cvrp.bin,cvrp
A-n36-k5.cvrp,../data/cvrp/augerat/default/A-n36-k5.cvrp.bin,cvrp
eil7.cvrp~,../data/cvrp/ce-vrp/default/eil7.cvrp~.bin,cvrp
E-n30-k4.cvrp,../data/cvrp/ce-vrp/default/E-n30-k4.cvrp.bin,cvrp
eil7.cvrp,../data/cvrp/ce-vrp/default/eil7.cvrp.bin,cvrp
E-n30-k3.cvrp,../data/cvrp/ce-vrp/default/E-n30-k3.cvrp.bin,cvrp
eil13.cvrp,../data/cvrp/ce-vrp/default/eil13.cvrp.bin,cvrp
eil31.cvrp,../data/cvrp/ce-vrp/default/eil31.cvrp.bin,cvrp
gr24.cvrp,../data/cvrp/tsplib/default/gr24.cvrp.bin,cvrp
fri26.cvrp,../data/cvrp/tsplib/default/fri26.cvrp.bin,cvrp
ulysses16.tsp.cvrp,../data/cvrp/tsplib/default/ulysses16.tsp.cvrp.bin,cvrp
gr21.cvrp,../data/cvrp/tsplib/default/gr21.cvrp.bin,cvrp
gr17.cvrp,../data/cvrp/tsplib/default/gr17.cvrp.bin,cvrp
bays29.cvrp,../data/cvrp/tsplib/default/bays29.cvrp.bin,cvrp
ulysses22.tsp.cvrp,../data/cvrp/tsplib/default/ulysses22.tsp.cvrp.bin,cvrp
S031-07w.cvrp,../data/cvrp/symmetric/default/S031-07w.cvrp.bin,cvrp
E048-04y.cvrp,../data/cvrp/symmetric/default/E048-04y.cvrp.bin,cvrp
E045-04f.cvrp,../data/cvrp/symmetric/default/E045-04f.cvrp.bin,cvrp
S007-02a.cvrp,../data/cvrp/symmetric/default/S007-02a.cvrp.bin,cvrp
E041-14h.cvrp,../data/cvrp/symmetric/default/E041-14h.cvrp.bin,cvrp
E022-04g.cvrp,../data/cvrp/symmetric/default/E022-04g.cvrp.bin,cvrp
E022-06m.cvrp,../data/cvrp/symmetric/default/E022-06m.cvrp.bin,cvrp
E076-07s.cvrp,../data/cvrp/symmetric/default/E076-07s.cvrp.bin,cvrp
E031-09h.cvrp,../data/cvrp/symmetric/default/E031-09h.cvrp.bin,cvrp
E023-03g.cvrp,../data/cvrp/symmetric/default/E023-03g.cvrp.bin,cvrp
E023-05s.cvrp,../data/cvrp/symmetric/default/E023-05s.cvrp.bin,cvrp
A039-03f.cvrp,../data/cvrp/asymmetric/default/A039-03f.cvrp.bin,cvrp
A048-03f.cvrp,../data/cvrp/asymmetric/default/A048-03f.cvrp.bin,cvrp
A045-03f.cvrp,../data/cvrp/asymmetric/default/A045-03f.cvrp.bin,cvrp
A065-03f.cvrp,../data/cvrp/asymmetric/default/A065-03f.cvrp.bin,cvrp
A034-02f.cvrp,../data/cvrp/asymmetric/default/A034-02f.cvrp.bin,cvrp
A056-03f.cvrp,../data/cvrp/asymmetric/default/A056-03f.cvrp.bin,cvrp
A036-03f.cvrp,../data/cvrp/asymmetric/default/A036-03f.cvrp.bin,cvrp
BR1_58-paquay,../data/clp/paquay/paquay/BR1_58-paquay.bin,clp
BR4_57-paquay,../data/clp/paquay/paquay/BR4_57-paquay.bin,clp
BR6_42-paquay,../data/clp/paquay/paquay/BR6_42-paquay.bin,clp
BR3_58-paquay,../data/clp/paquay/paquay/BR3_58-paquay.bin,clp
BR5_34-paquay,../data/clp/paquay/paquay/BR5_34-paquay.bin,clp
sa20_50-paquay,../data/clp/paquay/paquay/sa20_50-paquay.bin,clp
BR4_87-paquay,../data/clp/paquay/paquay/BR4_87-paquay.bin,clp
sa5_35-junqueira,../data/clp/junqueira/junqueira/sa5_35-junqueira.bin,clp
sa5_95-junqueira,../data/clp/junqueira/junqueira/sa5_95-junqueira.bin,clp
sa5_100-junqueira,../data/clp/junqueira/junqueira/sa5_100-junqueira.bin,clp
sa5_30-junqueira,../data/clp/junqueira/junqueira/sa5_30-junqueira.bin,clp
sa5_10-junqueira,../data/clp/junqueira/junqueira/sa5_10-junqueira.bin,clp
tsai4-junqueira,../data/clp/junqueira/junqueira/tsai4-junqueira.bin,clp
sa10_25-junqueira,../data/clp/junqueira/junqueira/sa10_25-junqueira.bin,clp
sa25_80-hifi,../data/clp/hifi/hifi/sa25_80-hifi.bin,clp
BR6_5-hifi,../data/clp/hifi/hifi/BR6_5-hifi.bin,clp
BR1_20-hifi,../data/clp/hifi/hifi/BR1_20-hifi.bin,clp
BR6_40-hifi,../data/clp/hifi/hifi/BR6_40-hifi.bin,clp
sa10_60-hifi,../data/clp/hifi/hifi/sa10_60-hifi.bin,clp
BR1_3-hifi,../data/clp/hifi/hifi/BR1_3-hifi.bin,clp
BR6_23-tsai,../data/clp/tsai/tsai/BR6_23-tsai.bin,clp
BR3_46-tsai,../data/clp/tsai/tsai/BR3_46-tsai.bin,clp
chen3-tsai,../data/clp/tsai/tsai/chen3-tsai.bin,clp
BR2_43-tsai,../data/clp/tsai/tsai/BR2_43-tsai.bin,clp
sa35_15-tsai,../data/clp/tsai/tsai/sa35_15-tsai.bin,clp
BR1_20-chen,../data/clp/chen/chen/BR1_20-chen.bin,clp
sa5_10-chen,../data/clp/chen/chen/sa5_10-chen.bin,clp
sa45_80-chen,../data/clp/chen/chen/sa45_80-chen.bin,clp
BR1_58-chen,../data/clp/chen/chen/BR1_58-chen.bin,clp
sa5_40-chen,../data/clp/chen/chen/sa5_40-chen.bin,clp
sa5_75-chen,../data/clp/chen/chen/sa5_75-chen.bin,clp
sa35_50-chen,../data/clp/chen/chen/sa35_50-chen.bin,clp
sa5_50-chen,../data/clp/chen/chen/sa5_50-chen.bin,clp
sa15_85-fasano,../data/clp/fasano/fasano/sa15_85-fasano.bin,clp
sa20_100-fasano,../data/clp/fasano/fasano/sa20_100-fasano.bin,clp
BR6_89-fasano,../data/clp/fasano/fasano/BR6_89-fasano.bin,clp
sa45_85-fasano,../data/clp/fasano/fasano/sa45_85-fasano.bin,clp
BR7_61-fasano,../data/clp/fasano/fasano/BR7_61-fasano.bin,clp
sa45_40-fasano,../data/clp/fasano/fasano/sa45_40-fasano.bin,clp
sa20_50-fasano,../data/clp/fasano/fasano/sa20_50-fasano.bin,clp
sprint_late05_p,../data/inr/inrc/default/sprint_late05_p.bin,inr
sprint_hidden04_p,../data/inr/inrc/default/sprint_hidden04_p.bin,inr
sprint09_j,../data/inr/inrc/default/sprint09_j.bin,inr
sprint_hidden02,../data/inr/inrc/default/sprint_hidden02.bin,inr
sprint_hidden01_p,../data/inr/inrc/default/sprint_hidden01_p.bin,inr
sprint_late08_j,../data/inr/inrc/default/sprint_late08_j.bin,inr
sprint_hint02,../data/inr/inrc/default/sprint_hint02.bin,inr
sprint_hidden06_j,../data/inr/inrc/default/sprint_hidden06_j.bin,inr
sprint06_p,../data/inr/inrc/default/sprint06_p.bin,inr
sprint05_j,../data/inr/inrc/default/sprint05_j.bin,inr
sprint07_j,../data/inr/inrc/default/sprint07_j.bin,inr
sprint_hidden05_p,../data/inr/inrc/default/sprint_hidden05_p.bin,inr
sprint_late06_p,../data/inr/inrc/default/sprint_late06_p.bin,inr
sprint_late08_p,../data/inr/inrc/default/sprint_late08_p.bin,inr
sprint_late07_j,../data/inr/inrc/default/sprint_late07_j.bin,inr
sprint_hidden08,../data/inr/inrc/default/sprint_hidden08.bin,inr
sprint_hidden06_p,../data/inr/inrc/default/sprint_hidden06_p.bin,inr
sprint_hint01_p,../data/inr/inrc/default/sprint_hint01_p.bin,inr
sprint01,../data/inr/inrc/default/sprint01.bin,inr
sprint_hidden08_p,../data/inr/inrc/default/sprint_hidden08_p.bin,inr
sprint_hidden04_j,../data/inr/inrc/default/sprint_hidden04_j.bin,inr
sprint_late07_p,../data/inr/inrc/default/sprint_late07_p.bin,inr
sprint_hidden09_p,../data/inr/inrc/default/sprint_hidden09_p.bin,inr
sprint_late09_p,../data/inr/inrc/default/sprint_late09_p.bin,inr
sprint_late03_p,../data/inr/inrc/default/sprint_late03_p.bin,inr
sprint09_p,../data/inr/inrc/default/sprint09_p.bin,inr
sprint_hint01,../data/inr/inrc/default/sprint_hint01.bin,inr
sprint_hidden03_j,../data/inr/inrc/default/sprint_hidden03_j.bin,inr
sprint_late03,../data/inr/inrc/default/sprint_late03.bin,inr
sprint01_j,../data/inr/inrc/default/sprint01_j.bin,inr
sprint08_j,../data/inr/inrc/default/sprint08_j.bin,inr
sprint_late10_p,../data/inr/inrc/default/sprint_late10_p.bin,inr
sprint_hint02_p,../data/inr/inrc/default/sprint_hint02_p.bin,inr
sprint_hidden07,../data/inr/inrc/default/sprint_hidden07.bin,inr
sprint_late08,../data/inr/inrc/default/sprint_late08.bin,inr
sprint_hidden02_j,../data/inr/inrc/default/sprint_hidden02_j.bin,inr
sprint_hidden05,../data/inr/inrc/default/sprint_hidden05.bin,inr
sprint_late01_p,../data/inr/inrc/default/sprint_late01_p.bin,inr
sprint05_p,../data/inr/inrc/default/sprint05_p.bin,inr
sprint03_j,../data/inr/inrc/default/sprint03_j.bin,inr
X11427D,../data/lotsizing/pimentel/default/X11427D.bin,lotsizing
X12217E,../data/lotsizing/pimentel/default/X12217E.bin,lotsizing
X11218C,../data/lotsizing/pimentel/default/X11218C.bin,lotsizing
X12117A,../data/lotsizing/pimentel/default/X12117A.bin,lotsizing
X12229A,../data/lotsizing/pimentel/default/X12229A.bin,lotsizing
F18N,../data/lotsizing/trigeiro/default/F18N.bin,lotsizing
F33N,../data/lotsizing/trigeiro/default/F33N.bin,lotsizing
F70N,../data/lotsizing/trigeiro/default/F70N.bin,lotsizing
F62N,../data/lotsizing/trigeiro/default/F62N.bin,lotsizing
F3N,../data/lotsizing/trigeiro/default/F3N.bin,lotsizing
F30N,../data/lotsizing/trigeiro/default/F30N.bin,lotsizing
tr12-30,../data/lotsizing/lotsizelib/default/tr12-30.bin,lotsizing
tr24-30,../data/lotsizing/lotsizelib/default/tr24-30.bin,lotsizing
multiA,../data/lotsizing/lotsizelib/default/multiA.bin,lotsizing
tr12-15,../data/lotsizing/lotsizelib/default/tr12-15.bin,lotsizing
tr24-15,../data/lotsizing/lotsizelib/default/tr24-15.bin,lotsizing
rgna,../data/lotsizing/lotsizelib/default/rgna.bin,lotsizing
vpm2a,../data/lotsizing/lotsizelib/default/vpm2a.bin,lotsizing
pp08a,../data/lotsizing/lotsizelib/default/pp08a.bin,lotsizing
test0348,../data/lotsizing/surie/default/test0348.bin,lotsizing
test0715,../data/lotsizing/surie/default/test0715.bin,lotsizing
test0472,../data/lotsizing/surie/default/test0472.bin,lotsizing
test0485,../data/lotsizing/surie/default/test0485.bin,lotsizing
test0439,../data/lotsizing/surie/default/test0439.bin,lotsizing
test0929,../data/lotsizing/surie/default/test0929.bin,lotsizing
K5217411,../data/lotsizing/derstroff/setups/K5217411.bin,lotsizing
K5217251,../data/lotsizing/derstroff/setups/K5217251.bin,lotsizing
G0147541,../data/lotsizing/derstroff/setups/G0147541.bin,lotsizing
G5241521,../data/lotsizing/derstroff/setups/G5241521.bin,lotsizing
G0147421,../data/lotsizing/derstroff/setups/G0147421.bin,lotsizing
G8165421,../data/lotsizing/derstroff/setups/G8165421.bin,lotsizing
G5047422,../data/lotsizing/derstroff/default/G5047422.bin,lotsizing
K5011251,../data/lotsizing/derstroff/default/K5011251.bin,lotsizing
K0011321,../data/lotsizing/derstroff/default/K0011321.bin,lotsizing
K5014115,../data/lotsizing/derstroff/default/K5014115.bin,lotsizing
K5017354,../data/lotsizing/derstroff/default/K5017354.bin,lotsizing
K5014255,../data/lotsizing/derstroff/default/K5014255.bin,lotsizing
G0047315,../data/lotsizing/derstroff/default/G0047315.bin,lotsizing
G5044334,../data/lotsizing/derstroff/default/G5044334.bin,lotsizing
K0011152,../data/lotsizing/derstroff/default/K0011152.bin,lotsizing
R75_1g.col.bigM,../data/coloring/r-set/bigM/R75_1g.col.bigM.bin,coloring
R100_5g.col.bigM,../data/coloring/r-set/bigM/R100_5g.col.bigM.bin,coloring
R50_1gb.col.bigM,../data/coloring/r-set/bigM/R50_1gb.col.bigM.bin,coloring
R50_9gb.col.bigM,../data/coloring/r-set/bigM/R50_9gb.col.bigM.bin,coloring
R75_5gb.col.bigM,../data/coloring/r-set/bigM/R75_5gb.col.bigM.bin,coloring
R75_5g.col.disa,../data/coloring/r-set/disaggregiert/R75_5g.col.disa.bin,coloring
R75_1g.col.disa,../data/coloring/r-set/disaggregiert/R75_1g.col.disa.bin,coloring
R100_1gb.col.disa,../data/coloring/r-set/disaggregiert/R100_1gb.col.disa.bin,coloring
R50_5g.col.disa,../data/coloring/r-set/disaggregiert/R50_5g.col.disa.bin,coloring
R100_1g.col.disa,../data/coloring/r-set/disaggregiert/R100_1g.col.disa.bin,coloring
R50_9g.col.disa,../data/coloring/r-set/disaggregiert/R50_9g.col.disa.bin,coloring
R50_9gb.col.disa,../data/coloring/r-set/disaggregiert/R50_9gb.col.disa.bin,coloring
qwhopt.order18.holes120.1.col.bigM,../data/coloring/fixedsets/bigM/qwhopt.order18.holes120.1.col.bigM.bin,coloring
qwhdec.order18.holes120.1.col.bigM,../data/coloring/fixedsets/bigM/qwhdec.order18.holes120.1.col.bigM.bin,coloring
qwhdec.order5.holes10.1.col.disa,../data/coloring/fixedsets/disaggregiert/qwhdec.order5.holes10.1.col.disa.bin,coloring
qwhopt.order5.holes10.1.col.disa,../data/coloring/fixedsets/disaggregiert/qwhopt.order5.holes10.1.col.disa.bin,coloring
gcol10.bigM,../data/coloring/orlibrary/bigM/gcol10.bigM.bin,coloring
gcol20.bigM,../data/coloring/orlibrary/bigM/gcol20.bigM.bin,coloring
gcol7.bigM,../data/coloring/orlibrary/bigM/gcol7.bigM.bin,coloring
gcol6.bigM,../data/coloring/orlibrary/bigM/gcol6.bigM.bin,coloring
gcol12.bigM,../data/coloring/orlibrary/bigM/gcol12.bigM.bin,coloring
gcol15.disa,../data/coloring/orlibrary/disaggregiert/gcol15.disa.bin,coloring
gcol17.disa,../data/coloring/orlibrary/disaggregiert/gcol17.disa.bin,coloring
gcol10.disa,../data/coloring/orlibrary/disaggregiert/gcol10.disa.bin,coloring
gcol20.disa,../data/coloring/orlibrary/disaggregiert/gcol20.disa.bin,coloring
gcol12.disa,../data/coloring/orlibrary/disaggregiert/gcol12.disa.bin,coloring
gcol13.disa,../data/coloring/orlibrary/disaggregiert/gcol13.disa.bin,coloring
gcol3.disa,../data/coloring/orlibrary/disaggregiert/gcol3.disa.bin,coloring
jean.col.bigM,../data/coloring/mixed/bigM/jean.col.bigM.bin,coloring
4-Insertions_4.col.bigM,../data/coloring/mixed/bigM/4-Insertions_4.col.bigM.bin,coloring
queen7_7.col.bigM,../data/coloring/mixed/bigM/queen7_7.col.bigM.bin,coloring
1-Insertions_5.col.bigM,../data/coloring/mixed/bigM/1-Insertions_5.col.bigM.bin,coloring
games120.col.disa,../data/coloring/mixed/disaggregiert/games120.col.disa.bin,coloring
myciel6.col.disa,../data/coloring/mixed/disaggregiert/myciel6.col.disa.bin,coloring
2-FullIns_3.col.disa,../data/coloring/mixed/disaggregiert/2-FullIns_3.col.disa.bin,coloring
mug88_25.col.disa,../data/coloring/mixed/disaggregiert/mug88_25.col.disa.bin,coloring
2-FullIns_4.col.disa,../data/coloring/mixed/disaggregiert/2-FullIns_4.col.disa.bin,coloring
david.col.disa,../data/coloring/mixed/disaggregiert/david.col.disa.bin,coloring
3-Insertions_3.col.disa,../data/coloring/mixed/disaggregiert/3-Insertions_3.col.disa.bin,coloring
2-Insertions_4.col.disa,../data/coloring/mixed/disaggregiert/2-Insertions_4.col.disa.bin,coloring
umps16B_8_3,../data/tup/kuleuven/default/umps16B_8_3.bin,tup
umps14_6_3,../data/tup/kuleuven/default/umps14_6_3.bin,tup
umps14B_6_3,../data/tup/kuleuven/default/umps14B_6_3.bin,tup
umps16B_7_4,../data/tup/kuleuven/default/umps16B_7_4.bin,tup
umps10_5_2,../data/tup/kuleuven/default/umps10_5_2.bin,tup
umps10_0_3,../data/tup/kuleuven/default/umps10_0_3.bin,tup
umps16B_8_4,../data/tup/kuleuven/default/umps16B_8_4.bin,tup
umps16C_7_3,../data/tup/kuleuven/default/umps16C_7_3.bin,tup
umps18_9_4,../data/tup/kuleuven/default/umps18_9_4.bin,tup
umps14A_6_3,../data/tup/kuleuven/default/umps14A_6_3.bin,tup
umps16C_7_2,../data/tup/kuleuven/default/umps16C_7_2.bin,tup
umps14_7_3,../data/tup/kuleuven/default/umps14_7_3.bin,tup
umps16C_8_4,../data/tup/kuleuven/default/umps16C_8_4.bin,tup
umps16_7_4,../data/tup/kuleuven/default/umps16_7_4.bin,tup
umps6A_3_1,../data/tup/kuleuven/default/umps6A_3_1.bin,tup
umps14B_5_3,../data/tup/kuleuven/default/umps14B_5_3.bin,tup
umps14_5_3,../data/tup/kuleuven/default/umps14_5_3.bin,tup
umps16B_7_3,../data/tup/kuleuven/default/umps16B_7_3.bin,tup
umps14_1_4,../data/tup/kuleuven/default/umps14_1_4.bin,tup
umps10A_5_3,../data/tup/kuleuven/default/umps10A_5_3.bin,tup
umps14C_7_3,../data/tup/kuleuven/default/umps14C_7_3.bin,tup
umps8_4_2,../data/tup/kuleuven/default/umps8_4_2.bin,tup
umps10B_5_2,../data/tup/kuleuven/default/umps10B_5_2.bin,tup
umps14_8_1,../data/tup/kuleuven/default/umps14_8_1.bin,tup
umps16A_8_2,../data/tup/kuleuven/default/umps16A_8_2.bin,tup
umps6C_3_1,../data/tup/kuleuven/default/umps6C_3_1.bin,tup
umps16A_7_4,../data/tup/kuleuven/default/umps16A_7_4.bin,tup
umps16C_7_4,../data/tup/kuleuven/default/umps16C_7_4.bin,tup
umps10A_5_2,../data/tup/kuleuven/default/umps10A_5_2.bin,tup
umps14B_7_3,../data/tup/kuleuven/default/umps14B_7_3.bin,tup
umps10A_0_3,../data/tup/kuleuven/default/umps10A_0_3.bin,tup
umps6_3_1,../data/tup/kuleuven/default/umps6_3_1.bin,tup
umps16_8_4,../data/tup/kuleuven/default/umps16_8_4.bin,tup
umps16_7_3,../data/tup/kuleuven/default/umps16_7_3.bin,tup
umps14A_5_3,../data/tup/kuleuven/default/umps14A_5_3.bin,tup
umps6B_3_1,../data/tup/kuleuven/default/umps6B_3_1.bin,tup
umps14C_5_3,../data/tup/kuleuven/default/umps14C_5_3.bin,tup
umps10C_5_2,../data/tup/kuleuven/default/umps10C_5_2.bin,tup
umps16C_8_2,../data/tup/kuleuven/default/umps16C_8_2.bin,tup
umps16_8_3,../data/tup/kuleuven/default/umps16_8_3.bin,tup
bpp_ctf_100_8,../data/bppif/ceselli/chain/bpp_ctf_100_8.bin,bppif
bpp_cts_50_4,../data/bppif/ceselli/chain/bpp_cts_50_4.bin,bppif
bpp_cls_50_5,../data/bppif/ceselli/chain/bpp_cls_50_5.bin,bppif
bpp_ctf_20_4,../data/bppif/ceselli/chain/bpp_ctf_20_4.bin,bppif
bpp_ctl_20_5,../data/bppif/ceselli/chain/bpp_ctl_20_5.bin,bppif
bpp_cts_50_5,../data/bppif/ceselli/chain/bpp_cts_50_5.bin,bppif
bpp_cll_20_6,../data/bppif/ceselli/chain/bpp_cll_20_6.bin,bppif
bpp_cls_100_1,../data/bppif/ceselli/chain/bpp_cls_100_1.bin,bppif
bpp_cll_50_1,../data/bppif/ceselli/chain/bpp_cll_50_1.bin,bppif
bpp_cll_50_9,../data/bppif/ceselli/chain/bpp_cll_50_9.bin,bppif
bpp_cts_100_3,../data/bppif/ceselli/chain/bpp_cts_100_3.bin,bppif
bpp_ctl_50_5,../data/bppif/ceselli/chain/bpp_ctl_50_5.bin,bppif
bpp_ctf_100_1,../data/bppif/ceselli/chain/bpp_ctf_100_1.bin,bppif
bpp_clf_50_5,../data/bppif/ceselli/chain/bpp_clf_50_5.bin,bppif
bpp_ctl_20_7,../data/bppif/ceselli/chain/bpp_ctl_20_7.bin,bppif
bpp_ctf_20_8,../data/bppif/ceselli/chain/bpp_ctf_20_8.bin,bppif
bpp_cts_100_5,../data/bppif/ceselli/chain/bpp_cts_100_5.bin,bppif
bpp_ctf_20_5,../data/bppif/ceselli/chain/bpp_ctf_20_5.bin,bppif
bpp_cts_50_1,../data/bppif/ceselli/chain/bpp_cts_50_1.bin,bppif
bpp_cll_50_7,../data/bppif/ceselli/chain/bpp_cll_50_7.bin,bppif
bpp_nls_20_5,../data/bppif/ceselli/natural/bpp_nls_20_5.bin,bppif
bpp_ntf_50_1,../data/bppif/ceselli/natural/bpp_ntf_50_1.bin,bppif
bpp_ntl_20_2,../data/bppif/ceselli/natural/bpp_ntl_20_2.bin,bppif
bpp_nls_100_8,../data/bppif/ceselli/natural/bpp_nls_100_8.bin,bppif
bpp_nll_20_8,../data/bppif/ceselli/natural/bpp_nll_20_8.bin,bppif
bpp_nls_100_0,../data/bppif/ceselli/natural/bpp_nls_100_0.bin,bppif
bpp_ntf_50_3,../data/bppif/ceselli/natural/bpp_ntf_50_3.bin,bppif
bpp_nlf_50_5,../data/bppif/ceselli/natural/bpp_nlf_50_5.bin,bppif
bpp_ntl_50_2,../data/bppif/ceselli/natural/bpp_ntl_50_2.bin,bppif
bpp_ntf_20_6,../data/bppif/ceselli/natural/bpp_ntf_20_6.bin,bppif
bpp_nlf_50_3,../data/bppif/ceselli/natural/bpp_nlf_50_3.bin,bppif
bpp_nlf_20_9,../data/bppif/ceselli/natural/bpp_nlf_20_9.bin,bppif
bpp_ntf_50_4,../data/bppif/ceselli/natural/bpp_ntf_50_4.bin,bppif
bpp_nll_100_3,../data/bppif/ceselli/natural/bpp_nll_100_3.bin,bppif
bpp_ntl_100_8,../data/bppif/ceselli/natural/bpp_ntl_100_8.bin,bppif
bpp_nlf_50_1,../data/bppif/ceselli/natural/bpp_nlf_50_1.bin,bppif
bpp_nts_100_1,../data/bppif/ceselli/natural/bpp_nts_100_1.bin,bppif
bpp_nls_100_5,../data/bppif/ceselli/natural/bpp_nls_100_5.bin,bppif
bpp_nts_50_2,../data/bppif/ceselli/natural/bpp_nts_50_2.bin,bppif
bpp_ntl_20_3,../data/bppif/ceselli/natural/bpp_ntl_20_3.bin,bppif
d250_17_alternative,../data/maplabeling/lorena/alternative/d250_17_alternative.bin,maplabeling
d1000_03_alternative,../data/maplabeling/lorena/alternative/d1000_03_alternative.bin,maplabeling
d500_14_alternative,../data/maplabeling/lorena/alternative/d500_14_alternative.bin,maplabeling
d750_02_alternative,../data/maplabeling/lorena/alternative/d750_02_alternative.bin,maplabeling
d750_11_alternative,../data/maplabeling/lorena/alternative/d750_11_alternative.bin,maplabeling
d1000_13_alternative,../data/maplabeling/lorena/alternative/d1000_13_alternative.bin,maplabeling
d100_20_alternative,../data/maplabeling/lorena/alternative/d100_20_alternative.bin,maplabeling
d750_16_alternative,../data/maplabeling/lorena/alternative/d750_16_alternative.bin,maplabeling
d500_06_alternative,../data/maplabeling/lorena/alternative/d500_06_alternative.bin,maplabeling
d250_23_alternative,../data/maplabeling/lorena/alternative/d250_23_alternative.bin,maplabeling
d500_22_alternative,../data/maplabeling/lorena/alternative/d500_22_alternative.bin,maplabeling
d750_21_alternative,../data/maplabeling/lorena/alternative/d750_21_alternative.bin,maplabeling
d750_23_alternative,../data/maplabeling/lorena/alternative/d750_23_alternative.bin,maplabeling
d750_10_alternative,../data/maplabeling/lorena/alternative/d750_10_alternative.bin,maplabeling
d1000_04_alternative,../data/maplabeling/lorena/alternative/d1000_04_alternative.bin,maplabeling
d100_02_alternative,../data/maplabeling/lorena/alternative/d100_02_alternative.bin,maplabeling
d1000_09_alternative,../data/maplabeling/lorena/alternative/d1000_09_alternative.bin,maplabeling
d500_09_alternative,../data/maplabeling/lorena/alternative/d500_09_alternative.bin,maplabeling
d750_18_alternative,../data/maplabeling/lorena/alternative/d750_18_alternative.bin,maplabeling
d25_02_alternative,../data/maplabeling/lorena/alternative/d25_02_alternative.bin,maplabeling
d1000_18,../data/maplabeling/lorena/default/d1000_18.bin,maplabeling
d100_03,../data/maplabeling/lorena/default/d100_03.bin,maplabeling
d750_06,../data/maplabeling/lorena/default/d750_06.bin,maplabeling
d1000_24,../data/maplabeling/lorena/default/d1000_24.bin,maplabeling
d750_01,../data/maplabeling/lorena/default/d750_01.bin,maplabeling
d250_14,../data/maplabeling/lorena/default/d250_14.bin,maplabeling
d250_13,../data/maplabeling/lorena/default/d250_13.bin,maplabeling
d100_10,../data/maplabeling/lorena/default/d100_10.bin,maplabeling
d100_11,../data/maplabeling/lorena/default/d100_11.bin,maplabeling
d500_21,../data/maplabeling/lorena/default/d500_21.bin,maplabeling
d750_18,../data/maplabeling/lorena/default/d750_18.bin,maplabeling
d250_21,../data/maplabeling/lorena/default/d250_21.bin,maplabeling
d500_11,../data/maplabeling/lorena/default/d500_11.bin,maplabeling
d100_18,../data/maplabeling/lorena/default/d100_18.bin,maplabeling
d100_04,../data/maplabeling/lorena/default/d100_04.bin,maplabeling
d500_02,../data/maplabeling/lorena/default/d500_02.bin,maplabeling
d500_25,../data/maplabeling/lorena/default/d500_25.bin,maplabeling
d250_17,../data/maplabeling/lorena/default/d250_17.bin,maplabeling
d100_14,../data/maplabeling/lorena/default/d100_14.bin,maplabeling
d250_10,../data/maplabeling/lorena/default/d250_10.bin,maplabeling
prob4_020_001000_02,../data/kps/furini/default/prob4_020_001000_02.bin,kps
prob4_030_001000_07,../data/kps/furini/default/prob4_030_001000_07.bin,kps
prob1_100_040_060_035_045_09,../data/kps/furini/default/prob1_100_040_060_035_045_09.bin,kps
prob4_010_001000_02,../data/kps/furini/default/prob4_010_001000_02.bin,kps
prob4_010_000500_07,../data/kps/furini/default/prob4_010_000500_07.bin,kps
prob4_005_000500_02,../data/kps/furini/default/prob4_005_000500_02.bin,kps
prob1_100_090_110_015_025_04,../data/kps/furini/default/prob1_100_090_110_015_025_04.bin,kps
prob4_010_000500_03,../data/kps/furini/default/prob4_010_000500_03.bin,kps
prob2_100_090_110_035_045_07,../data/kps/furini/default/prob2_100_090_110_035_045_07.bin,kps
prob3_050_090_110_005_015_09,../data/kps/furini/default/prob3_050_090_110_005_015_09.bin,kps
prob2_050_040_060_015_025_10,../data/kps/furini/default/prob2_050_040_060_015_025_10.bin,kps
prob1_100_090_110_035_045_03,../data/kps/furini/default/prob1_100_090_110_035_045_03.bin,kps
prob3_050_090_110_025_035_04,../data/kps/furini/default/prob3_050_090_110_025_035_04.bin,kps
prob2_050_090_110_025_035_10,../data/kps/furini/default/prob2_050_090_110_025_035_10.bin,kps
prob2_100_040_060_035_045_10,../data/kps/furini/default/prob2_100_040_060_035_045_10.bin,kps
prob3_100_090_110_005_015_07,../data/kps/furini/default/prob3_100_090_110_005_015_07.bin,kps
prob2_100_040_060_035_045_06,../data/kps/furini/default/prob2_100_040_060_035_045_06.bin,kps
prob3_050_090_110_015_025_08,../data/kps/furini/default/prob3_050_090_110_015_025_08.bin,kps
prob4_020_000500_05,../data/kps/furini/default/prob4_020_000500_05.bin,kps
prob1_050_040_060_035_045_03,../data/kps/furini/default/prob1_050_040_060_035_045_03.bin,kps
prob1_100_090_110_025_035_06,../data/kps/furini/default/prob1_100_090_110_025_035_06.bin,kps
prob3_050_090_110_005_015_06,../data/kps/furini/default/prob3_050_090_110_005_015_06.bin,kps
prob1_050_040_060_015_025_05,../data/kps/furini/default/prob1_050_040_060_015_025_05.bin,kps
prob1_100_040_060_015_025_08,../data/kps/furini/default/prob1_100_040_060_015_025_08.bin,kps
prob1_050_040_060_025_035_08,../data/kps/furini/default/prob1_050_040_060_025_035_08.bin,kps
prob1_050_040_060_015_025_06,../data/kps/furini/default/prob1_050_040_060_015_025_06.bin,kps
prob2_050_090_110_015_025_06,../data/kps/furini/default/prob2_050_090_110_015_025_06.bin,kps
prob2_100_090_110_025_035_09,../data/kps/furini/default/prob2_100_090_110_025_035_09.bin,kps
prob3_050_040_060_015_025_06,../data/kps/furini/default/prob3_050_040_060_015_025_06.bin,kps
prob1_100_090_110_025_035_08,../data/kps/furini/default/prob1_100_090_110_025_035_08.bin,kps
prob2_050_040_060_035_045_01,../data/kps/furini/default/prob2_050_040_060_035_045_01.bin,kps
prob4_005_001000_09,../data/kps/furini/default/prob4_005_001000_09.bin,kps
prob1_100_090_110_005_015_05,../data/kps/furini/default/prob1_100_090_110_005_015_05.bin,kps
prob4_010_010000_02,../data/kps/furini/default/prob4_010_010000_02.bin,kps
prob1_100_090_110_015_025_02,../data/kps/furini/default/prob1_100_090_110_015_025_02.bin,kps
prob4_030_005000_09,../data/kps/furini/default/prob4_030_005000_09.bin,kps
prob1_100_040_060_005_015_04,../data/kps/furini/default/prob1_100_040_060_005_015_04.bin,kps
prob4_020_005000_05,../data/kps/furini/default/prob4_020_005000_05.bin,kps
prob4_020_002500_06,../data/kps/furini/default/prob4_020_002500_06.bin,kps
prob2_050_040_060_025_035_05,../data/kps/furini/default/prob2_050_040_060_025_035_05.bin,kps
CL_07_50_04,../data/bpp2/orbologna/gq/CL_07_50_04.bin,bpp2
CL_03_50_07,../data/bpp2/orbologna/gq/CL_03_50_07.bin,bpp2
CL_05_100_06,../data/bpp2/orbologna/gq/CL_05_100_06.bin,bpp2
CL_01_50_05,../data/bpp2/orbologna/gq/CL_01_50_05.bin,bpp2
CL_01_25_09,../data/bpp2/orbologna/gq/CL_01_25_09.bin,bpp2
CL_06_200_01,../data/bpp2/orbologna/gq/CL_06_200_01.bin,bpp2
CL_07_25_08,../data/bpp2/orbologna/gq/CL_07_25_08.bin,bpp2
CL_06_25_10,../data/bpp2/orbologna/gq/CL_06_25_10.bin,bpp2
CL_08_100_02,../data/bpp2/orbologna/gq/CL_08_100_02.bin,bpp2
CL_05_50_08,../data/bpp2/orbologna/gq/CL_05_50_08.bin,bpp2
CL_07_200_09,../data/bpp2/orbologna/gq/CL_07_200_09.bin,bpp2
CL_04_100_08,../data/bpp2/orbologna/gq/CL_04_100_08.bin,bpp2
CL_06_50_01,../data/bpp2/orbologna/gq/CL_06_50_01.bin,bpp2
CL_05_200_08,../data/bpp2/orbologna/gq/CL_05_200_08.bin,bpp2
CL_10_24_10,../data/bpp2/orbologna/gq/CL_10_24_10.bin,bpp2
CL_10_51_04,../data/bpp2/orbologna/gq/CL_10_51_04.bin,bpp2
CL_07_50_08,../data/bpp2/orbologna/gq/CL_07_50_08.bin,bpp2
CL_10_99_09,../data/bpp2/orbologna/gq/CL_10_99_09.bin,bpp2
CL_08_100_05,../data/bpp2/orbologna/gq/CL_08_100_05.bin,bpp2
CL_06_100_04,../data/bpp2/orbologna/gq/CL_06_100_04.bin,bpp2
CL_08_100_06,../data/bpp2/orbologna/gq/CL_08_100_06.bin,bpp2
CL_01_25_05,../data/bpp2/orbologna/gq/CL_01_25_05.bin,bpp2
CL_09_200_06,../data/bpp2/orbologna/gq/CL_09_200_06.bin,bpp2
CL_06_200_05,../data/bpp2/orbologna/gq/CL_06_200_05.bin,bpp2
CL_05_100_08,../data/bpp2/orbologna/gq/CL_05_100_08.bin,bpp2
CL_07_200_08,../data/bpp2/orbologna/gq/CL_07_200_08.bin,bpp2
CL_03_200_02,../data/bpp2/orbologna/gq/CL_03_200_02.bin,bpp2
CL_05_25_07,../data/bpp2/orbologna/gq/CL_05_25_07.bin,bpp2
CL_06_200_06,../data/bpp2/orbologna/gq/CL_06_200_06.bin,bpp2
CL_09_50_01,../data/bpp2/orbologna/gq/CL_09_50_01.bin,bpp2
CL_08_200_03,../data/bpp2/orbologna/gq/CL_08_200_03.bin,bpp2
CL_07_100_10,../data/bpp2/orbologna/gq/CL_07_100_10.bin,bpp2
CL_04_50_07,../data/bpp2/orbologna/gq/CL_04_50_07.bin,bpp2
CL_02_100_02,../data/bpp2/orbologna/gq/CL_02_100_02.bin,bpp2
CL_08_25_02,../data/bpp2/orbologna/gq/CL_08_25_02.bin,bpp2
CL_08_200_07,../data/bpp2/orbologna/gq/CL_08_200_07.bin,bpp2
CL_02_200_07,../data/bpp2/orbologna/gq/CL_02_200_07.bin,bpp2
CL_08_25_06,../data/bpp2/orbologna/gq/CL_08_25_06.bin,bpp2
CL_01_200_01,../data/bpp2/orbologna/gq/CL_01_200_01.bin,bpp2
CL_09_25_04,../data/bpp2/orbologna/gq/CL_09_25_04.bin,bpp2
TEST0083-10-gq,../data/cuttingstock/18classes/gq/TEST0083-10-gq.bin,cuttingstock
TEST0065-01-gq,../data/cuttingstock/18classes/gq/TEST0065-01-gq.bin,cuttingstock
TEST0084-03-gq,../data/cuttingstock/18classes/gq/TEST0084-03-gq.bin,cuttingstock
TEST0032-15-gq,../data/cuttingstock/18classes/gq/TEST0032-15-gq.bin,cuttingstock
TEST0096-17-eq,../data/cuttingstock/18classes/eq/TEST0096-17-eq.bin,cuttingstock
TEST0050-17-eq,../data/cuttingstock/18classes/eq/TEST0050-17-eq.bin,cuttingstock
TEST0075-17-eq,../data/cuttingstock/18classes/eq/TEST0075-17-eq.bin,cuttingstock
TEST0066-05-eq,../data/cuttingstock/18classes/eq/TEST0066-05-eq.bin,cuttingstock
TEST0005-05-eq,../data/cuttingstock/18classes/eq/TEST0005-05-eq.bin,cuttingstock
BPP73-s1-gq,../data/cuttingstock/schwerin/gq/BPP73-s1-gq.bin,cuttingstock
BPP89-s1-gq,../data/cuttingstock/schwerin/gq/BPP89-s1-gq.bin,cuttingstock
BPP68-s2-gq,../data/cuttingstock/schwerin/gq/BPP68-s2-gq.bin,cuttingstock
BPP19-s1-gq,../data/cuttingstock/schwerin/gq/BPP19-s1-gq.bin,cuttingstock
BPP12-s2-gq,../data/cuttingstock/schwerin/gq/BPP12-s2-gq.bin,cuttingstock
BPP3-s1-eq,../data/cuttingstock/schwerin/eq/BPP3-s1-eq.bin,cuttingstock
BPP83-s1-eq,../data/cuttingstock/schwerin/eq/BPP83-s1-eq.bin,cuttingstock
BPP94-s1-eq,../data/cuttingstock/schwerin/eq/BPP94-s1-eq.bin,cuttingstock
BPP58-s2-eq,../data/cuttingstock/schwerin/eq/BPP58-s2-eq.bin,cuttingstock
BPP93-s1-eq,../data/cuttingstock/schwerin/eq/BPP93-s1-eq.bin,cuttingstock
BPP75-s1-eq,../data/cuttingstock/schwerin/eq/BPP75-s1-eq.bin,cuttingstock
BPP900-hard-gq,../data/cuttingstock/hard28/gq/BPP900-hard-gq.bin,cuttingstock
BPP360-hard-gq,../data/cuttingstock/hard28/gq/BPP360-hard-gq.bin,cuttingstock
BPP814-hard-gq,../data/cuttingstock/hard28/gq/BPP814-hard-gq.bin,cuttingstock
BPP13-hard-gq,../data/cuttingstock/hard28/gq/BPP13-hard-gq.bin,cuttingstock
BPP40-hard-eq,../data/cuttingstock/hard28/eq/BPP40-hard-eq.bin,cuttingstock
BPP485-hard-eq,../data/cuttingstock/hard28/eq/BPP485-hard-eq.bin,cuttingstock
BPP419-hard-eq,../data/cuttingstock/hard28/eq/BPP419-hard-eq.bin,cuttingstock
BPP645-hard-eq,../data/cuttingstock/hard28/eq/BPP645-hard-eq.bin,cuttingstock
BPP785-hard-eq,../data/cuttingstock/hard28/eq/BPP785-hard-eq.bin,cuttingstock
BPP119-hard-eq,../data/cuttingstock/hard28/eq/BPP119-hard-eq.bin,cuttingstock
TEST0082-wae-gq,../data/cuttingstock/waescher/gq/TEST0082-wae-gq.bin,cuttingstock
TEST0095-wae-gq,../data/cuttingstock/waescher/gq/TEST0095-wae-gq.bin,cuttingstock
TEST0065-wae-gq,../data/cuttingstock/waescher/gq/TEST0065-wae-gq.bin,cuttingstock
TEST0005-wae-gq,../data/cuttingstock/waescher/gq/TEST0005-wae-gq.bin,cuttingstock
TEST0055-wae-gq,../data/cuttingstock/waescher/gq/TEST0055-wae-gq.bin,cuttingstock
TEST0058-wae-gq,../data/cuttingstock/waescher/gq/TEST0058-wae-gq.bin,cuttingstock
TEST0058-wae-eq,../data/cuttingstock/waescher/eq/TEST0058-wae-eq.bin,cuttingstock
TEST0084-wae-eq,../data/cuttingstock/waescher/eq/TEST0084-wae-eq.bin,cuttingstock
TEST0054-wae-eq,../data/cuttingstock/waescher/eq/TEST0054-wae-eq.bin,cuttingstock
TEST0097-wae-eq,../data/cuttingstock/waescher/eq/TEST0097-wae-eq.bin,cuttingstock
2-club_partitioning_chesapeake,../data/relaxedClique/gschwind/s-club_partitioning/2-club_partitioning_chesapeake.bin,relaxedClique
4-club_partitioning_dolphins,../data/relaxedClique/gschwind/s-club_partitioning/4-club_partitioning_dolphins.bin,relaxedClique
5-club_partitioning_lesmis,../data/relaxedClique/gschwind/s-club_partitioning/5-club_partitioning_lesmis.bin,relaxedClique
4-club_partitioning_football,../data/relaxedClique/gschwind/s-club_partitioning/4-club_partitioning_football.bin,relaxedClique
3-club_partitioning_dolphins,../data/relaxedClique/gschwind/s-club_partitioning/3-club_partitioning_dolphins.bin,relaxedClique
5-club_partitioning_chesapeake,../data/relaxedClique/gschwind/s-club_partitioning/5-club_partitioning_chesapeake.bin,relaxedClique
4-club_partitioning_karate,../data/relaxedClique/gschwind/s-club_partitioning/4-club_partitioning_karate.bin,relaxedClique
3-club_covering_karate,../data/relaxedClique/gschwind/s-club_covering/3-club_covering_karate.bin,relaxedClique
4-club_covering_polbooks,../data/relaxedClique/gschwind/s-club_covering/4-club_covering_polbooks.bin,relaxedClique
3-club_covering_chesapeake,../data/relaxedClique/gschwind/s-club_covering/3-club_covering_chesapeake.bin,relaxedClique
4-club_covering_lesmis,../data/relaxedClique/gschwind/s-club_covering/4-club_covering_lesmis.bin,relaxedClique
2-club_covering_lesmis,../data/relaxedClique/gschwind/s-club_covering/2-club_covering_lesmis.bin,relaxedClique
2-club_covering_chesapeake,../data/relaxedClique/gschwind/s-club_covering/2-club_covering_chesapeake.bin,relaxedClique
4-club_covering_chesapeake,../data/relaxedClique/gschwind/s-club_covering/4-club_covering_chesapeake.bin,relaxedClique
5-club_covering_chesapeake,../data/relaxedClique/gschwind/s-club_covering/5-club_covering_chesapeake.bin,relaxedClique
3-clique_covering_dolphins,../data/relaxedClique/gschwind/s-clique_covering/3-clique_covering_dolphins.bin,relaxedClique
4-clique_covering_jazz,../data/relaxedClique/gschwind/s-clique_covering/4-clique_covering_jazz.bin,relaxedClique
2-clique_covering_football,../data/relaxedClique/gschwind/s-clique_covering/2-clique_covering_football.bin,relaxedClique
3-clique_covering_adjnoun,../data/relaxedClique/gschwind/s-clique_covering/3-clique_covering_adjnoun.bin,relaxedClique
4-clique_covering_adjnoun,../data/relaxedClique/gschwind/s-clique_covering/4-clique_covering_adjnoun.bin,relaxedClique
2-clique_covering_jazz,../data/relaxedClique/gschwind/s-clique_covering/2-clique_covering_jazz.bin,relaxedClique
2-plex_covering_dolphins,../data/relaxedClique/gschwind/s-plex_covering/2-plex_covering_dolphins.bin,relaxedClique
3-plex_covering_lesmis,../data/relaxedClique/gschwind/s-plex_covering/3-plex_covering_lesmis.bin,relaxedClique
5-plex_covering_karate,../data/relaxedClique/gschwind/s-plex_covering/5-plex_covering_karate.bin,relaxedClique
2-plex_covering_football,../data/relaxedClique/gschwind/s-plex_covering/2-plex_covering_football.bin,relaxedClique
4-plex_covering_polbooks,../data/relaxedClique/gschwind/s-plex_covering/4-plex_covering_polbooks.bin,relaxedClique
3-plex_covering_adjnoun,../data/relaxedClique/gschwind/s-plex_covering/3-plex_covering_adjnoun.bin,relaxedClique
2-plex_covering_polbooks,../data/relaxedClique/gschwind/s-plex_covering/2-plex_covering_polbooks.bin,relaxedClique
0.95-quasi-clique_covering_karate,../data/relaxedClique/gschwind/gamma-quasi-clique_covering/0.95-quasi-clique_covering_karate.bin,relaxedClique
0.8-quasi-clique_covering_adjnoun,../data/relaxedClique/gschwind/gamma-quasi-clique_covering/0.8-quasi-clique_covering_adjnoun.bin,relaxedClique
0.95-quasi-clique_covering_chesapeake,../data/relaxedClique/gschwind/gamma-quasi-clique_covering/0.95-quasi-clique_covering_chesapeake.bin,relaxedClique
0.8-quasi-clique_covering_karate,../data/relaxedClique/gschwind/gamma-quasi-clique_covering/0.8-quasi-clique_covering_karate.bin,relaxedClique
0.9-quasi-clique_covering_karate,../data/relaxedClique/gschwind/gamma-quasi-clique_covering/0.9-quasi-clique_covering_karate.bin,relaxedClique
0.75-quasi-clique_covering_polbooks,../data/relaxedClique/gschwind/gamma-quasi-clique_covering/0.75-quasi-clique_covering_polbooks.bin,relaxedClique
0.85-quasi-clique_partitioning_dolphins,../data/relaxedClique/gschwind/gamma-quasi-clique_partitioning/0.85-quasi-clique_partitioning_dolphins.bin,relaxedClique
0.8-quasi-clique_partitioning_adjnoun,../data/relaxedClique/gschwind/gamma-quasi-clique_partitioning/0.8-quasi-clique_partitioning_adjnoun.bin,relaxedClique
0.9-quasi-clique_partitioning_karate,../data/relaxedClique/gschwind/gamma-quasi-clique_partitioning/0.9-quasi-clique_partitioning_karate.bin,relaxedClique
0.8-quasi-clique_partitioning_football,../data/relaxedClique/gschwind/gamma-quasi-clique_partitioning/0.8-quasi-clique_partitioning_football.bin,relaxedClique
0.95-quasi-clique_partitioning_chesapeake,../data/relaxedClique/gschwind/gamma-quasi-clique_partitioning/0.95-quasi-clique_partitioning_chesapeake.bin,relaxedClique
0.85-quasi-clique_partitioning_football,../data/relaxedClique/gschwind/gamma-quasi-clique_partitioning/0.85-quasi-clique_partitioning_football.bin,relaxedClique
gap7_3-min,../data/gap/orlibrary/min/gap7_3-min.bin,gap
gap1_5-min,../data/gap/orlibrary/min/gap1_5-min.bin,gap
gapb_5-min,../data/gap/orlibrary/min/gapb_5-min.bin,gap
gap4_2-min,../data/gap/orlibrary/min/gap4_2-min.bin,gap
gap11_5-min,../data/gap/orlibrary/min/gap11_5-min.bin,gap
gapb_3-min,../data/gap/orlibrary/min/gapb_3-min.bin,gap
gap8_1-min,../data/gap/orlibrary/min/gap8_1-min.bin,gap
gap12_1-min,../data/gap/orlibrary/min/gap12_1-min.bin,gap
gap2_1-min,../data/gap/orlibrary/min/gap2_1-min.bin,gap
gap8_5-min,../data/gap/orlibrary/min/gap8_5-min.bin,gap
gap12_2-max,../data/gap/orlibrary/max/gap12_2-max.bin,gap
gapc_6-max,../data/gap/orlibrary/max/gapc_6-max.bin,gap
gapd_6-max,../data/gap/orlibrary/max/gapd_6-max.bin,gap
gapb_1-max,../data/gap/orlibrary/max/gapb_1-max.bin,gap
gap6_3-max,../data/gap/orlibrary/max/gap6_3-max.bin,gap
gap2_3-max,../data/gap/orlibrary/max/gap2_3-max.bin,gap
gapb_6-max,../data/gap/orlibrary/max/gapb_6-max.bin,gap
gap3_1-max,../data/gap/orlibrary/max/gap3_1-max.bin,gap
gap8_1-max,../data/gap/orlibrary/max/gap8_1-max.bin,gap
gap5_5-max,../data/gap/orlibrary/max/gap5_5-max.bin,gap
gap8_3-max,../data/gap/orlibrary/max/gap8_3-max.bin,gap
gap11_4-max,../data/gap/orlibrary/max/gap11_4-max.bin,gap
c10200_1-min,../data/gap/yagiura/min/c10200_1-min.bin,gap
d10400_1-min,../data/gap/yagiura/min/d10400_1-min.bin,gap
e30900_1-min,../data/gap/yagiura/min/e30900_1-min.bin,gap
a10100_1-min,../data/gap/yagiura/min/a10100_1-min.bin,gap
d05100_1-min,../data/gap/yagiura/min/d05100_1-min.bin,gap
a10200_1-min,../data/gap/yagiura/min/a10200_1-min.bin,gap
d30900_1-min,../data/gap/yagiura/min/d30900_1-min.bin,gap
c201600_1-min,../data/gap/yagiura/min/c201600_1-min.bin,gap
a20200_1-min,../data/gap/yagiura/min/a20200_1-min.bin,gap
c20100_1-min,../data/gap/yagiura/min/c20100_1-min.bin,gap
b05100_1-min,../data/gap/yagiura/min/b05100_1-min.bin,gap
e60900_1-max,../data/gap/yagiura/max/e60900_1-max.bin,gap
e05200_1-max,../data/gap/yagiura/max/e05200_1-max.bin,gap
c10200_1-max,../data/gap/yagiura/max/c10200_1-max.bin,gap
c60900_1-max,../data/gap/yagiura/max/c60900_1-max.bin,gap
c05100_1-max,../data/gap/yagiura/max/c05100_1-max.bin,gap
d15900_1-max,../data/gap/yagiura/max/d15900_1-max.bin,gap
e10100_1-max,../data/gap/yagiura/max/e10100_1-max.bin,gap
p33100-17.gq,../data/cpmp/optlab/gq/p33100-17.gq.bin,cpmp
p1650-7.gq,../data/cpmp/optlab/gq/p1650-7.gq.bin,cpmp
p40100-16-115.gq,../data/cpmp/optlab/gq/p40100-16-115.gq.bin,cpmp
p1650-8.gq,../data/cpmp/optlab/gq/p1650-8.gq.bin,cpmp
p40100-15-105.gq,../data/cpmp/optlab/gq/p40100-15-105.gq.bin,cpmp
p60150-24.gq,../data/cpmp/optlab/gq/p60150-24.gq.bin,cpmp
p550-8.gq,../data/cpmp/optlab/gq/p550-8.gq.bin,cpmp
p40100-18.gq,../data/cpmp/optlab/gq/p40100-18.gq.bin,cpmp
p10100-11-110.gq,../data/cpmp/optlab/gq/p10100-11-110.gq.bin,cpmp
p50150-24.gq,../data/cpmp/optlab/gq/p50150-24.gq.bin,cpmp
p10100-12-115.gq,../data/cpmp/optlab/gq/p10100-12-115.gq.bin,cpmp
p36150-24.gq,../data/cpmp/optlab/gq/p36150-24.gq.bin,cpmp
p20200-35.gq,../data/cpmp/optlab/gq/p20200-35.gq.bin,cpmp
p40100-12-105.eq,../data/cpmp/optlab/eq/p40100-12-105.eq.bin,cpmp
p20200-38.eq,../data/cpmp/optlab/eq/p20200-38.eq.bin,cpmp
p17.eq,../data/cpmp/optlab/eq/p17.eq.bin,cpmp
p1650-8.eq,../data/cpmp/optlab/eq/p1650-8.eq.bin,cpmp
p40100-18-105.eq,../data/cpmp/optlab/eq/p40100-18-105.eq.bin,cpmp
p40100-15.eq,../data/cpmp/optlab/eq/p40100-15.eq.bin,cpmp
p1250-5.eq,../data/cpmp/optlab/eq/p1250-5.eq.bin,cpmp
p1650-10.eq,../data/cpmp/optlab/eq/p1650-10.eq.bin,cpmp
p550-1.eq,../data/cpmp/optlab/eq/p550-1.eq.bin,cpmp
p2050-2.eq,../data/cpmp/optlab/eq/p2050-2.eq.bin,cpmp
p36150-30.eq,../data/cpmp/optlab/eq/p36150-30.eq.bin,cpmp
p50200-32.eq,../data/cpmp/optlab/eq/p50200-32.eq.bin,cpmp
SJC1-1.gq,../data/cpmp/lorena/gq/SJC1-1.gq.bin,cpmp
SJC2-1.eq,../data/cpmp/lorena/eq/SJC2-1.eq.bin,cpmp
SJC1-1.eq,../data/cpmp/lorena/eq/SJC1-1.eq.bin,cpmp
p16,../data/cpmp/orlibrary/eq/p16.bin,cpmp
p3,../data/cpmp/orlibrary/eq/p3.bin,cpmp
p9,../data/cpmp/orlibrary/eq/p9.bin,cpmp
p12,../data/cpmp/orlibrary/eq/p12.bin,cpmp
p2,../data/cpmp/orlibrary/eq/p2.bin,cpmp
p1,../data/cpmp/orlibrary/eq/p1.bin,cpmp
p17,../data/cpmp/orlibrary/eq/p17.bin,cpmp
p4,../data/cpmp/orlibrary/eq/p4.bin,cpmp
p7,../data/cpmp/orlibrary/eq/p7.bin,cpmp
p20,../data/cpmp/orlibrary/eq/p20.bin,cpmp
p6,../data/cpmp/orlibrary/eq/p6.bin,cpmp
p14,../data/cpmp/orlibrary/eq/p14.bin,cpmp
N1C3W1_J.BPPgq,../data/bpp/bison/gq/N1C3W1_J.BPPgq.bin,bpp
N3C2W4_K.BPPgq,../data/bpp/bison/gq/N3C2W4_K.BPPgq.bin,bpp
N2W1B1R3.BPPgq,../data/bpp/bison/gq/N2W1B1R3.BPPgq.bin,bpp
N2C2W1_L.BPPgq,../data/bpp/bison/gq/N2C2W1_L.BPPgq.bin,bpp
N1C3W4_A.BPPgq,../data/bpp/bison/gq/N1C3W4_A.BPPgq.bin,bpp
N3W2B1R4.BPPgq,../data/bpp/bison/gq/N3W2B1R4.BPPgq.bin,bpp
N3W4B2R7.BPPgq,../data/bpp/bison/gq/N3W4B2R7.BPPgq.bin,bpp
N1C2W2_J.BPPgq,../data/bpp/bison/gq/N1C2W2_J.BPPgq.bin,bpp
N3C1W1_L.BPPgq,../data/bpp/bison/gq/N3C1W1_L.BPPgq.bin,bpp
N1W3B1R2.BPPgq,../data/bpp/bison/gq/N1W3B1R2.BPPgq.bin,bpp
N4W2B2R9.BPPgq,../data/bpp/bison/gq/N4W2B2R9.BPPgq.bin,bpp
N4W3B3R2.BPPgq,../data/bpp/bison/gq/N4W3B3R2.BPPgq.bin,bpp
N3C2W4_M.BPPeq,../data/bpp/bison/eq/N3C2W4_M.BPPeq.bin,bpp
N3C3W1_S.BPPeq,../data/bpp/bison/eq/N3C3W1_S.BPPeq.bin,bpp
N1C3W1_L.BPPeq,../data/bpp/bison/eq/N1C3W1_L.BPPeq.bin,bpp
N3W3B1R5.BPPeq,../data/bpp/bison/eq/N3W3B1R5.BPPeq.bin,bpp
N3W4B2R8.BPPeq,../data/bpp/bison/eq/N3W4B2R8.BPPeq.bin,bpp
N3C3W4_R.BPPeq,../data/bpp/bison/eq/N3C3W4_R.BPPeq.bin,bpp
N1W2B3R5.BPPeq,../data/bpp/bison/eq/N1W2B3R5.BPPeq.bin,bpp
N1C3W2_K.BPPeq,../data/bpp/bison/eq/N1C3W2_K.BPPeq.bin,bpp
N1C2W2_R.BPPeq,../data/bpp/bison/eq/N1C2W2_R.BPPeq.bin,bpp
N120B150u120_10.BPPgq,../data/bpp/orlibrary/gq/N120B150u120_10.BPPgq.bin,bpp
N249B100.0t249_15.BPPgq,../data/bpp/orlibrary/gq/N249B100.0t249_15.BPPgq.bin,bpp
N249B100.0t249_10.BPPgq,../data/bpp/orlibrary/gq/N249B100.0t249_10.BPPgq.bin,bpp
N120B150u120_04.BPPgq,../data/bpp/orlibrary/gq/N120B150u120_04.BPPgq.bin,bpp
N120B100.0t120_06.BPPgq,../data/bpp/orlibrary/gq/N120B100.0t120_06.BPPgq.bin,bpp
N250B150u250_09.BPPgq,../data/bpp/orlibrary/gq/N250B150u250_09.BPPgq.bin,bpp
N60B100.0t60_09.BPPgq,../data/bpp/orlibrary/gq/N60B100.0t60_09.BPPgq.bin,bpp
N120B150u120_05.BPPgq,../data/bpp/orlibrary/gq/N120B150u120_05.BPPgq.bin,bpp
N120B150u120_00.BPPgq,../data/bpp/orlibrary/gq/N120B150u120_00.BPPgq.bin,bpp
N249B100.0t249_08.BPPeq,../data/bpp/orlibrary/eq/N249B100.0t249_08.BPPeq.bin,bpp
N120B100.0t120_04.BPPeq,../data/bpp/orlibrary/eq/N120B100.0t120_04.BPPeq.bin,bpp
N249B100.0t249_06.BPPeq,../data/bpp/orlibrary/eq/N249B100.0t249_06.BPPeq.bin,bpp
N249B100.0t249_14.BPPeq,../data/bpp/orlibrary/eq/N249B100.0t249_14.BPPeq.bin,bpp
N60B100.0t60_07.BPPeq,../data/bpp/orlibrary/eq/N60B100.0t60_07.BPPeq.bin,bpp
N250B150u250_08.BPPeq,../data/bpp/orlibrary/eq/N250B150u250_08.BPPeq.bin,bpp
N250B150u250_17.BPPeq,../data/bpp/orlibrary/eq/N250B150u250_17.BPPeq.bin,bpp
N60B100.0t60_06.BPPeq,../data/bpp/orlibrary/eq/N60B100.0t60_06.BPPeq.bin,bpp
N60B100.0t60_13.BPPeq,../data/bpp/orlibrary/eq/N60B100.0t60_13.BPPeq.bin,bpp
N250B150u250_05.BPPeq,../data/bpp/orlibrary/eq/N250B150u250_05.BPPeq.bin,bpp
